Link Name,Center of Mass X,Center of Mass Y,Center of Mass Z,Center of Mass Roll,Center of Mass Pitch,Center of Mass Yaw,Mass,Moment Ixx,Moment Ixy,Moment Ixz,Moment Iyy,Moment Iyz,Moment Izz,Visual X,Visual Y,Visual Z,Visual Roll,Visual Pitch,Visual Yaw,Mesh Filename,Color Red,Color Green,Color Blue,Color Alpha,Collision X,Collision Y,Collision Z,Collision Roll,Collision Pitch,Collision Yaw,Collision Mesh Filename,Material Name,SW Components,Coordinate System,Axis Name,Joint Name,Joint Type,Joint Origin X,Joint Origin Y,Joint Origin Z,Joint Origin Roll,Joint Origin Pitch,Joint Origin Yaw,Parent,Joint Axis X,Joint Axis Y,Joint Axis Z,Limit Effort,Limit Velocity,Limit Lower,Limit Upper,Calibration rising,Calibration falling,Dynamics Damping,Dynamics Friction,Safety Soft Upper,Safety Soft Lower,Safety K Position,Safety K Velocity
base_link,-0.0911857881097258,-8.30196663443789E-08,-0.106885396772365,0,0,0,448.455291712727,30.9134960552599,5.36772417285236E-05,12.5203241084851,53.9280769799438,1.30394915172682E-06,37.81104965848,0,0,0,0,0,0,package://mingurdf/meshes/base_link.STL,1,1,1,1,0,0,0,0,0,0,package://mingurdf/meshes/base_link.STL,,大理石部分v22 - 副本 - 副本 (2)-2/升降平台装配 v28 - 副本-2/台面改v9-1;大理石部分v22 - 副本 - 副本 (2)-2/DAOGUIv4-1/BK15Yes-1;大理石部分v22 - 副本 - 副本 (2)-2/升降平台装配 v28 - 副本-2/RGH30导轨滑块-1/RGH30HA1R540ZAH_GW202112020870-1;大理石部分v22 - 副本 - 副本 (2)-2/DAOGUIv4-1/丝杠-1;大理石部分v22 - 副本 - 副本 (2)-2/升降平台装配 v28 - 副本-2/RGH30导轨滑块-2/RGH30HA1R540ZAH_GW202112020870-1;大理石部分v22 - 副本 - 副本 (2)-2/DAOGUIv4-1/MBK15-60-1;大理石部分v22 - 副本 - 副本 (2)-2/DAOGUIv4-1/丝杠电机MHMF042L1V2 2-1,坐标系7,,,,0,0,0,0,0,0,,0,0,0,,,,,,,,,,,,
zuobiao1,-0.0730125778611653,-0.00193381535218838,0.129516675570009,0,0,0,6.30779983026107,0.0323636140052051,-0.000620304176738022,-3.5386391122811E-05,0.0176326975631143,5.8982317239007E-06,0.0389930743174185,0,0,0,0,0,0,package://mingurdf/meshes/zuobiao1.STL,0.898039215686275,0.917647058823529,0.929411764705882,1,0,0,0,0,0,0,package://mingurdf/meshes/zuobiao1.STL,,机器人v2 - 副本 (4)-1/12-套筒v22-1;大理石部分v22 - 副本 - 副本 (2)-2/升降平台装配 v28 - 副本-2/RGH30导轨滑块-1/RGH30滑块-1;大理石部分v22 - 副本 - 副本 (2)-2/升降平台装配 v28 - 副本-2/RGH30导轨滑块-2/RGH30滑块-1;机器人v2 - 副本 (4)-1/一关节MHMF022L1U2 2-1;机器人v2 - 副本 (4)-1/BallScrew-1,坐标系1,基准轴1,zhixianmove,prismatic,0,0,0,0,0,0,base_link,0,0,1,0,0,0,0,,,,,,,,
zuobiao2,0.108075719291185,-4.88178375396993E-17,0.160924114447853,0,0,0,3.33164684937567,0.00472553809345875,2.27816436130718E-18,0.00117151756376351,0.0393814222121523,1.33224960462247E-19,0.0426002783406026,0,0,0,0,0,0,package://mingurdf/meshes/zuobiao2.STL,0.898039215686275,0.917647058823529,0.929411764705882,1,0,0,0,0,0,0,package://mingurdf/meshes/zuobiao2.STL,,机器人v2 - 副本 (4)-1/dabiv16 高度55-1;机器人v2 - 副本 (4)-1/RE8016CC0-1;机器人v2 - 副本 (4)-1/关节一 上盖-1,坐标系2,基准轴2,zhuan1,revolute,0,0,0.037731,0,0,0,zuobiao1,0,0,1,0,0,0,0,,,,,,,,
zuobiao3,0.0973872089275022,-1.52786082991248E-05,0.221695666648077,0,0,0,2.73296761154439,0.00295417661232808,-2.50064683376093E-06,-0.00150640062102406,0.0263468290547237,5.44698987392585E-08,0.027679166905413,0,0,0,0,0,0,package://mingurdf/meshes/zuobiao3.STL,0.898039215686275,0.917647058823529,0.929411764705882,1,0,0,0,0,0,0,package://mingurdf/meshes/zuobiao3.STL,,机器人v2 - 副本 (4)-1/dabiv2-2;机器人v2 - 副本 (4)-1/末端电机MHMF5AL1U2-1;机器人v2 - 副本 (4)-1/falan2 - 副本-1;机器人v2 - 副本 (4)-1/二关杰MHMF012L1U2 2-1;机器人v2 - 副本 (4)-1/RB7013CC0-1,坐标系3,基准轴3,zhuan2,revolute,0.26,0,0,0,0,0,zuobiao2,0,0,-1,0,0,0,0,,,,,,,,
zuobiao4,-0.000104161259009247,0.0632858569439245,0.141469261146007,0,0,0,1.16079385341549,0.00340418846413939,7.39976587143445E-07,-8.67663472417606E-07,0.0019704941257227,0.00137214690299302,0.00238974121657912,0,0,0,0,0,0,package://mingurdf/meshes/zuobiao4.STL,0.898039215686275,0.917647058823529,0.929411764705882,1,0,0,0,0,0,0,package://mingurdf/meshes/zuobiao4.STL,,机器人v2 - 副本 (4)-1/主链接5 - 副本-1;机器人v2 - 副本 (4)-1/RU66CC0-1;机器人v2 - 副本 (4)-1/末端电机MHMF5AL1U2-2,坐标系4,基准轴4,zhuan3,revolute,0.26,0,0,0,0,1.5708,zuobiao3,0,0,-1,0,0,0,0,,,,,,,,
zuobiao5,-3.28386382188242E-09,-0.0325666734533583,0.0615766016931337,0,0,0,1.17546911173839,0.00131428250418852,1.19821788071572E-10,-2.39301241706768E-10,0.00142734787023168,-0.000488076955488595,0.00146142645399807,0,0,0,0,0,0,package://mingurdf/meshes/zuobiao5.STL,0.792156862745098,0.819607843137255,0.933333333333333,1,0,0,0,0,0,0,package://mingurdf/meshes/zuobiao5.STL,,机器人v2 - 副本 (4)-1/RB4510CC0-1;机器人v2 - 副本 (4)-1/135连接法兰v3-1;机器人v2 - 副本 (4)-1/关节四压板-1;机器人v2 - 副本 (4)-1/气囊抛光装配体v19 - 副本-3/dianjiwaikev9-1;机器人v2 - 副本 (4)-1/气囊抛光装配体v19 - 副本-3/gaibanv9-1;机器人v2 - 副本 (4)-1/气囊抛光装配体v19 - 副本-3/25v1-1;机器人v2 - 副本 (4)-1/气囊抛光装配体v19 - 副本-3/jiaojiechu40-1,坐标系5,基准轴5,zhuan4,revolute,0,0,0,-0.7854,0,0,zuobiao4,0,0,-1,0,0,0,0,,,,,,,,
zuobiao6,7.75352320290942E-06,1.57367979316536E-05,0.0352281757037771,0,0,0,0.348126651606832,0.000150983782199253,-9.05933897929456E-09,7.74950103975545E-08,0.000151097790869217,1.57286344201923E-07,0.000159818104969042,0,0,0,0,0,0,package://mingurdf/meshes/zuobiao6.STL,0.898039215686275,0.917647058823529,0.929411764705882,1,0,0,0,0,0,0,package://mingurdf/meshes/zuobiao6.STL,,机器人v2 - 副本 (4)-1/气囊抛光装配体v19 - 副本-3/kazhou1 - 副本-1;机器人v2 - 副本 (4)-1/气囊抛光装配体v19 - 副本-3/气囊v2 - 副本(1)-2;机器人v2 - 副本 (4)-1/气囊抛光装配体v19 - 副本-3/falan1234 - 副本 - 副本 (2)-1;机器人v2 - 副本 (4)-1/气囊抛光装配体v19 - 副本-3/lianzhou1-1,坐标系6,基准轴6,zhuan5,continuous,0,0,0,0.7854,0,0,zuobiao5,0,0,-1,,,,,,,,,,,,
